sudo -u postgres psql
[sudo] password for mahmoud: 
could not change directory to "/home/mahmoud": Permission denied
psql (14.4 (Ubuntu 14.4-0ubuntu0.22.04.1))
Type "help" for help.

postgres=# \l
                                  List of databases
   Name    |  Owner   | Encoding |   Collate   |    Ctype    |   Access privileges   
-----------+----------+----------+-------------+-------------+-----------------------
 TEST2     | postgres | UTF8     | en_US.UTF-8 | en_US.UTF-8 | 
 college   | postgres | UTF8     | en_US.UTF-8 | en_US.UTF-8 | 
 postgres  | postgres | UTF8     | en_US.UTF-8 | en_US.UTF-8 | 
 template0 | postgres | UTF8     | en_US.UTF-8 | en_US.UTF-8 | =c/postgres          +
           |          |          |             |             | postgres=CTc/postgres
 template1 | postgres | UTF8     | en_US.UTF-8 | en_US.UTF-8 | =c/postgres          +
           |          |          |             |             | postgres=CTc/postgres
 test      | postgres | UTF8     | en_US.UTF-8 | en_US.UTF-8 | 
(6 rows)

postgres=# \c college 
You are now connected to database "college" as user "postgres".
college=# \dt
               List of relations
 Schema |       Name        | Type  |  Owner   
--------+-------------------+-------+----------
 public | address           | table | postgres
 public | course            | table | postgres
 public | course_enrollment | table | postgres
 public | department        | table | postgres
 public | exams             | table | postgres
 public | faculty           | table | postgres
 public | professor         | table | postgres
 public | student           | table | postgres
 public | student_address   | table | postgres
 public | subject           | table | postgres
(10 rows)

college=# select department
college-# ;
ERROR:  column "department" does not exist
LINE 1: select department
               ^
college=# select * department
college-# ;
ERROR:  syntax error at or near "department"
LINE 1: select * department
                 ^
college=# 
college=# select department FROM college
college-# ;
ERROR:  relation "college" does not exist
LINE 1: select department FROM college
                               ^
college=# select department FROM college
;
ERROR:  relation "college" does not exist
LINE 1: select department FROM college
                               ^
college=# 




















college=# SELECT * FROM department
college-# ;
 id | name | faculty_id 
----+------+------------
  1 | IT   |          1
  2 | AI   |          1
  3 | CS   |          1
  4 | IS   |          1
(4 rows)

college=# \dt
               List of relations
 Schema |       Name        | Type  |  Owner   
--------+-------------------+-------+----------
 public | address           | table | postgres
 public | course            | table | postgres
 public | course_enrollment | table | postgres
 public | department        | table | postgres
 public | exams             | table | postgres
 public | faculty           | table | postgres
 public | professor         | table | postgres
 public | student           | table | postgres
 public | student_address   | table | postgres
 public | subject           | table | postgres
(10 rows)

college=# insert into professor (id, ) VALUES ();




college=# SELECT * FROM department 
college-# ;
 id | name | faculty_id 
----+------+------------
  1 | IT   |          1
  2 | AI   |          1
  3 | CS   |          1
  4 | IS   |          1
(4 rows)

college=# insert into professor (id, department_id, faculty_id, f_name, l_name, salary, Age) VALUES (40, 1, 1, 'Mahmoud', 'Hefny', 5000, 45);
INSERT 0 1
college=# insert into professor (id, department_id, faculty_id, f_name, l_name, salary, Age) VALUES (50, 1, 1, 'Mohammed', 'ALy', 4500, 35);
INSERT 0 1
college=# insert into professor (id, department_id, faculty_id, f_name, l_name, salary, Age) VALUES (70, 1, 1, 'Ahmed', 'Ayman', 7000, 50);
INSERT 0 1
college=# 











college=# \dt
               List of relations
 Schema |       Name        | Type  |  Owner   
--------+-------------------+-------+----------
 public | address           | table | postgres
 public | course            | table | postgres
 public | course_enrollment | table | postgres
 public | department        | table | postgres
 public | exams             | table | postgres
 public | faculty           | table | postgres
 public | professor         | table | postgres
 public | student           | table | postgres
 public | student_address   | table | postgres
 public | subject           | table | postgres
(10 rows)

college=# SELECT * FR

college=# SELECT * FROM professor 
college-# ;
 id | department_id | faculty_id |  f_name  | l_name | image | salary | age 
----+---------------+------------+----------+--------+-------+--------+-----
 40 |             1 |          1 | Mahmoud  | Hefny  |       |   5000 |  45
 50 |             1 |          1 | Mohammed | ALy    |       |   4500 |  35
 70 |             1 |          1 | Ahmed    | Ayman  |       |   7000 |  50
(3 rows)

college=# SELECT * FROM student ;
 id | f_name | l_name | image | f_phone | l_phone | birth_date 
----+--------+--------+-------+---------+---------+------------
(0 rows)

college=# 
college=# INSERT INTO student (id, f_name, l_name, f_phone, l_phone, birth_date) VALUES (1, 'ziad', 'adel', 1065717371, 2156671, '21/7/2001');
INSERT 0 1
college=# INSERT INTO student (id, f_name, l_name, f_phone, l_phone, birth_date) VALUES (2, 'abdo', 'khaled', 748596321, 14785236, '14/9/2002');
INSERT 0 1
college=# INSERT INTO student (id, f_name, l_name, f_phone, l_phone, birth_date) VALUES (2, 'abdo', 'khaled', 748596321, 14785236, '14/9/2002');
ERROR:  duplicate key value violates unique constraint "student_pkey"
DETAIL:  Key (id)=(2) already exists.
college=# INSERT INTO student (id, f_name, l_name, f_phone, l_phone, birth_date) VALUES (3, 'mostafa', 'abdelaal', 454588796, 19387745, '1/12/2000');
INSERT 0 1
college=# INSERT INTO student (id, f_name, l_name, f_phone, l_phone, birth_date) VALUES (3, 'ebrahim', 'abdelnasser', 98744125630, 11472255, '12/12/2003');
ERROR:  value too long for type character varying(10)
college=# INSERT INTO student (id, f_name, l_name, f_phone, l_phone, birth_date) VALUES (3, 'ebrahim', 'abdelnasser', 9874412630, 1147225, '12/12/2003');
ERROR:  value too long for type character varying(10)
college=# INSERT INTO student (id, f_name, l_name, f_phone, l_phone, birth_date) VALUES (3, 'ebrahim', '3bnasser', 9874412630, 1147225, '12/12/2003');
ERROR:  integer out of range
college=# INSERT INTO student (id, f_name, l_name, f_phone, l_phone, birth_date) VALUES (3, 'ebrahim', '3bnasser', 987412630, 1147225, '12/12/2003');
ERROR:  duplicate key value violates unique constraint "student_pkey"
DETAIL:  Key (id)=(3) already exists.
college=# SELECT * FROM student
college-# ;
 id | f_name  |  l_name  | image |  f_phone   | l_phone  | birth_date 
----+---------+----------+-------+------------+----------+------------
  1 | ziad    | adel     |       | 1065717371 |  2156671 | 21/7/2001
  2 | abdo    | khaled   |       |  748596321 | 14785236 | 14/9/2002
  3 | mostafa | abdelaal |       |  454588796 | 19387745 | 1/12/2000
(3 rows)

college=# INSERT INTO student (id, f_name, l_name, f_phone, l_phone, birth_date) VALUES (4, 'ebrahim', '3bnasser', 987412630, 1147225, '12/12/2003');
INSERT 0 1
college=# SELECT * FROM student                                                                                           ;
 id | f_name  |  l_name  | image |  f_phone   | l_phone  | birth_date 
----+---------+----------+-------+------------+----------+------------
  1 | ziad    | adel     |       | 1065717371 |  2156671 | 21/7/2001
  2 | abdo    | khaled   |       |  748596321 | 14785236 | 14/9/2002
  3 | mostafa | abdelaal |       |  454588796 | 19387745 | 1/12/2000
  4 | ebrahim | 3bnasser |       |  987412630 |  1147225 | 12/12/2003
(4 rows)

college=# INSERT INTO student (id, f_name, l_name, f_phone, l_phone, birth_date) VALUES (5, 'ahmed', '3adel', 2165478, 1472354, '4/22/2005');
INSERT 0 1
college=# SELECT * FROM student;                                                                                           id | f_name  |  l_name  | image |  f_phone   | l_phone  | birth_date 
----+---------+----------+-------+------------+----------+------------
  1 | ziad    | adel     |       | 1065717371 |  2156671 | 21/7/2001
  2 | abdo    | khaled   |       |  748596321 | 14785236 | 14/9/2002
  3 | mostafa | abdelaal |       |  454588796 | 19387745 | 1/12/2000
  4 | ebrahim | 3bnasser |       |  987412630 |  1147225 | 12/12/2003
  5 | ahmed   | 3adel    |       |    2165478 |  1472354 | 4/22/2005
(5 rows)

college=# 

